{
    "rb2201.SHFE.ARSTL": {
        "pos": 0,
        "atr_value": 1.6232635508855664,
        "atr_ma": 1.6385244413305344,
        "rsi_value": 62.661666860870426,
        "rsi_buy": 66,
        "rsi_sell": 34,
        "intra_trade_high": 0,
        "intra_trade_low": 0
    }
}